slug,key,en,th
government-project,category,"Government Project","โครงการภาครัฐ"
government-project,title,"Department of Groundwater Resources","กรมทรัพยากรน้ำบาดาล"
government-project,summary,"Instant access to groundwater data for citizens and officials alike — the department's complex records, made readable anywhere, at any time.","เปิดให้ประชาชนและเจ้าหน้าที่เข้าถึงข้อมูลน้ำบาดาลได้ทันที เปลี่ยนข้อมูลที่ซับซ้อนของกรมฯ ให้อ่านเข้าใจได้ทุกที่ทุกเวลา"
government-project,coverAlt,"Groundwater data dashboard shown on a monitor and laptop","แดชบอร์ดข้อมูลน้ำบาดาลบนจอมอนิเตอร์และแล็ปท็อป"
government-project,role,"UX/UI Designer, Design System Governance","UX/UI Designer, ดูแล Design System"
government-project,timeline,"2023 — 6 months","2566 — 6 เดือน"
government-project,platform,"Web — legacy system revamp","เว็บ — ปรับปรุงระบบเดิม"
government-project,tools,"Figma, Design System, Interactive Prototype","Figma, Design System, Interactive Prototype"
government-project,problem1,"Three things stood between the officials and the data they were responsible for.","มีสามอย่างที่ขวางอยู่ระหว่างเจ้าหน้าที่กับข้อมูลที่พวกเขาต้องรับผิดชอบ"
government-project,problem2,"",""
government-project,process1,"I ran requirement sessions directly with the Product Owner and the agency's project managers, then sat with three field officers while they did their weekly reporting. Watching them work surfaced the real constraint: they were not looking for insight, they were looking for exceptions. That reframed the whole layout — status first, detail on demand.","ผมเก็บความต้องการร่วมกับ Product Owner และ Project Manager ของหน่วยงานโดยตรง แล้วไปนั่งดูเจ้าหน้าที่ภาคสนาม 3 คนทำรายงานประจำสัปดาห์ การได้ดูเขาทำงานจริงทำให้เห็นข้อจำกัดที่แท้จริง — เขาไม่ได้ตามหา insight เขาตามหาสิ่งผิดปกติ นั่นเปลี่ยนการวางเลย์เอาต์ทั้งหมด ให้สถานะมาก่อน รายละเอียดตามทีหลัง"
government-project,quote,"The hard part was never the screens. It was earning the trust of people who already knew the old ones by heart.","ส่วนที่ยากไม่เคยเป็นหน้าจอ แต่คือการได้ความไว้ใจจากคนที่จำระบบเดิมได้ขึ้นใจ"
government-project,solution1,"The work was as much about earning trust from people who already knew the old system as it was about redrawing screens — so every change had to be legible to someone who had been doing this for years.","งานนี้เป็นเรื่องของการได้ความไว้ใจจากคนที่รู้จักระบบเดิมดีอยู่แล้ว พอ ๆ กับการออกแบบหน้าจอใหม่ ทุกการเปลี่ยนแปลงจึงต้องอ่านออกสำหรับคนที่ทำงานนี้มาหลายปี"
government-project,caption1,"Before — the original system, dense with fields on a single screen","ก่อน — ระบบเดิม ฟีลด์แน่นอยู่ในหน้าจอเดียว"
government-project,caption2,"After — the same work, rebuilt around a clear hierarchy","หลัง — งานเดิม จัดใหม่บนลำดับชั้นที่ชัดเจน"
government-project,caption3,"Dashboard with map and charts, reading at a glance","แดชบอร์ดพร้อมแผนที่และกราฟ อ่านได้ในครั้งเดียว"
government-project,results1,"Time went back to the officials doing the work: less retyping, faster lookups, and far fewer requirements that had to be renegotiated once development was already underway.","เวลากลับคืนสู่เจ้าหน้าที่ที่ทำงานจริง กรอกซ้ำน้อยลง ค้นหาเร็วขึ้น และ Requirement ที่ต้องกลับมาตกลงกันใหม่ระหว่างพัฒนาลดลงมาก"
government-project,stat1,"−60%","−60%"
government-project,stat1Label,"Data entry time","เวลากรอกข้อมูลซ้ำ"
government-project,stat2,"+75%","+75%"
government-project,stat2Label,"Task speed","ความเร็วในการทำงาน"
government-project,stat3,"+85%","+85%"
government-project,stat3Label,"User satisfaction","ความพึงพอใจของผู้ใช้"
government-project,nextTitle,"Construction Management Platform","แพลตฟอร์มบริหารงานก่อสร้าง"
platform,category,"Product Platform","แพลตฟอร์มผลิตภัณฑ์"
platform,title,"Construction Management Platform","แพลตฟอร์มบริหารงานก่อสร้าง"
platform,summary,"A SaaS platform that puts everything a construction project needs in one place - documents, schedule, inspections and a project-wide dashboard - so owners, engineers, architects and contractors plan from the same picture.","แพลตฟอร์มที่รวมเครื่องมือบริหารจัดการงานก่อสร้างไว้ในที่เดียว ช่วยวางแผนขั้นตอนการทำงานตั้งแต่เริ่มโครงการจนจบ พร้อมบริหารต้นทุน ระยะเวลา และคุณภาพงาน"
platform,coverAlt,"Construction management platform shown on laptop, tablet and phone","แพลตฟอร์มบริหารงานก่อสร้างบนแล็ปท็อป แท็บเล็ต และมือถือ"
platform,role,"UX/UI Designer, Design System Lead","UX/UI Designer, Design System Lead"
platform,timeline,"2023 - present","2566 - ปัจจุบัน"
platform,platform,"Sitearound CM — SaaS, web + mobile","Sitearound CM — SaaS, เว็บ + มือถือ"
platform,tools,"Figma, Design Tokens, Shadcn UI, Tailwind CSS","Figma, Design Tokens, Shadcn UI, Tailwind CSS"
platform,problem1,"The platform served the people furthest from the site, and almost no one else.","แพลตฟอร์มตอบโจทย์คนที่อยู่ไกลหน้างานที่สุด และแทบไม่ตอบโจทย์ใครอีกเลย"
platform,problem2,"",""
platform,process1,"I audited what Ant Design could and could not be made to do, then rebuilt the design system on Shadcn UI and Tailwind CSS - modular components, tokens we controlled ourselves, and runtime theming through CSS variables. The move ran in five steps: evaluate, decide, restructure, tokenize, and only then build the custom dashboard on top of it.","ผมประเมินว่า Ant Design ทำอะไรได้และดัดให้ทำอะไรไม่ได้บ้าง แล้วรื้อ Design System ใหม่บน Shadcn UI และ Tailwind CSS - Component แบบ Modular, Token ที่เราคุมเองได้ และ Runtime Theming ผ่าน CSS Variables ทั้งหมดเดินเป็นห้าขั้น: ประเมิน ตัดสินใจ วางโครง Tokenize แล้วจึงต่อยอดเป็น Custom Dashboard"
platform,quote,"Short term it cost a rebuild. Long term it bought tokens we control, a handover that lands first time, and theming we can still extend.","ระยะสั้นแลกด้วยการรื้อใหม่ ระยะยาวได้ Token ที่คุมเองได้ การส่งงานที่จบในรอบเดียว และ Theme ที่ยังต่อยอดได้"
platform,solution1,"People build their own dashboard - adding, removing and arranging widgets around the work they actually do - and can share a preset as a template for the rest of their team, so a new site does not start from a blank screen. Under it sits the rebuilt system: modular components, controlled tokens, and dynamic theming that carries per-user customisation, brand colour and dark or light mode.","ผู้ใช้ประกอบ Dashboard ของตัวเองได้ - เพิ่ม ลบ จัดเรียง Widget รอบงานที่ทำจริง และแชร์ Preset เป็นเทมเพลตให้คนอื่นในทีมได้ ไซต์งานใหม่จึงไม่ต้องเริ่มจากหน้าจอเปล่า ข้างใต้คือระบบที่รื้อใหม่ทั้งหมด: Component แบบ Modular, Token ที่ควบคุมได้ และ Dynamic Theming ที่รองรับการปรับแต่งรายคน สีแบรนด์ และโหมดสว่างหรือมืด"
platform,caption1,"Custom dashboard - widgets added, removed and arranged per role","Custom Dashboard - เพิ่ม ลบ และจัดเรียง Widget ตามบทบาท"
platform,caption2,"Design tokens and component variants in the rebuilt system","Design Token และ Component Variant ในระบบที่รื้อใหม่"
platform,caption3,"Dynamic theming: brand colour and dark or light, through CSS variables","Dynamic Theming: สีแบรนด์และโหมดสว่าง/มืด ผ่าน CSS Variables"
platform,results1,"Design moved faster and landed more accurately, and the custom dashboard became the feature sales led with - it closed three enterprise accounts: Ananda Development, Gulf Energy and CHPP.","งานออกแบบเดินเร็วขึ้นและส่งงานได้แม่นขึ้น ส่วน Custom Dashboard กลายเป็นฟีเจอร์ที่ทีมขายใช้นำเสนอเป็นตัวชูโรง และปิดลูกค้า Enterprise ได้สามราย: Ananda Development, Gulf Energy และ CHPP"
platform,stat1,"+60%","+60%"
platform,stat1Label,"UI design speed","ความเร็วในการออกแบบ UI"
platform,stat2,"+85%","+85%"
platform,stat2Label,"Dev handoff accuracy","ความแม่นยำในการส่งงานให้ Dev"
platform,stat3,"+90%","+90%"
platform,stat3Label,"Component reusability","การนำ Component กลับมาใช้ซ้ำ"
platform,nextTitle,"EV Charger","แอปชาร์จรถ EV"
ev-charger,category,"Concept Project","โปรเจกต์แนวคิด"
ev-charger,title,"EV Charger","EV Charger"
ev-charger,summary,"An all-in-one app for EV drivers, pulling station search, reservation and payment into one journey instead of three.","แอปครบวงจรสำหรับผู้ใช้รถไฟฟ้า รวมการค้นหาสถานี การจอง และการจ่ายเงิน ให้อยู่ในเส้นทางเดียว แทนที่จะแยกเป็นสามเรื่อง"
ev-charger,coverAlt,"EV Charger app screens showing map, station detail and charging status","หน้าจอแอป EV Charger แสดงแผนที่ รายละเอียดสถานี และสถานะการชาร์จ"
ev-charger,role,"UX/UI Designer","UX/UI Designer"
ev-charger,timeline,"2023 — 4 months","2566 — 4 เดือน"
ev-charger,platform,"Mobile — iOS","มือถือ — iOS"
ev-charger,tools,"Figma, Prototype, Mockup","Figma, Prototype, Mockup"
ev-charger,problem1,"Getting to a charger should not be the hard part of driving an electric car.","การไปให้ถึงที่ชาร์จ ไม่ควรเป็นส่วนที่ยากที่สุดของการขับรถไฟฟ้า"
ev-charger,problem2,"",""
ev-charger,process1,"I started by going through the EV charging apps already on the market to find where they broke down, built a picture of who was actually driving these cars, and mapped the journey from opening the app to finishing a charge — trying to take out steps rather than add screens. Wireframes came before any visual work, and the whole thing ended as an interactive prototype with device mockups for presenting it.","ผมเริ่มจากไล่ดูแอปชาร์จรถไฟฟ้าที่มีอยู่ในตลาดว่าพังตรงไหน สร้างภาพว่าคนที่ขับรถแบบนี้จริง ๆ เป็นใคร แล้ววางเส้นทางตั้งแต่เปิดแอปจนชาร์จเสร็จ โดยพยายามตัดขั้นตอนออก ไม่ใช่เพิ่มหน้าจอ ทำ Wireframe ก่อนเริ่มงานภาพ และจบด้วย Interactive Prototype พร้อม Mockup สำหรับนำเสนอ"
ev-charger,quote,"Someone opening this may well be driving. Big targets, few words, one decision per screen.","คนที่เปิดแอปนี้อาจกำลังขับรถอยู่ ปุ่มต้องใหญ่ ตัวหนังสือต้องน้อย และหนึ่งหน้าจอต่อหนึ่งการตัดสินใจ"
ev-charger,solution1,"The flow to pick a station and a connector was cut down until a reservation takes a few taps, and the map and charging dashboard were built around a hierarchy you can read at a glance — because the person reading it is often about to drive, or already driving.","ตัดขั้นตอนการเลือกสถานีและหัวชาร์จลงจนการจองเหลือไม่กี่แตะ ส่วนแผนที่และหน้าสถานะการชาร์จสร้างบนลำดับชั้นที่กวาดตาอ่านได้ในครั้งเดียว เพราะคนที่อ่านมักกำลังจะขับรถ หรือขับอยู่แล้ว"
ev-charger,caption1,"Onboarding — the app introduced, with a single way in","Onboarding — แนะนำแอป พร้อมทางเข้าเดียว"
ev-charger,caption2,"Sign in — email and password, or Google","เข้าสู่ระบบ — อีเมลและรหัสผ่าน หรือผ่าน Google"
ev-charger,caption3,"Home — services and shortcuts, with news beneath","หน้าหลัก — บริการและทางลัด พร้อมข่าวสารด้านล่าง"
ev-charger,results1,"The concept was carried through end to end: every screen in the journey designed, prototyped and mocked up for presentation. Cutting the booking flow down was the point of the exercise — the numbers below are what was produced, not measured use, since this was never put in front of drivers.","แนวคิดนี้ถูกทำจนจบเส้นทาง ออกแบบครบทุกหน้าจอ ทำ Prototype และ Mockup สำหรับนำเสนอ การตัดขั้นตอนการจองลงคือโจทย์หลักของงานนี้ ตัวเลขด้านล่างคือสิ่งที่ผลิตออกมา ไม่ใช่ผลการใช้งานจริง เพราะงานนี้ยังไม่เคยผ่านมือผู้ขับจริง"
ev-charger,stat1,"7+","7+"
ev-charger,stat1Label,"High-fidelity screens","หน้าจอ High-fidelity"
ev-charger,stat2,"1","1"
ev-charger,stat2Label,"End-to-end user flow","User Flow ครบเส้นทาง"
ev-charger,stat3,"1","1"
ev-charger,stat3Label,"Interactive prototype","Interactive Prototype"
ev-charger,nextTitle,"DR.in for Doctor","DR.in for Doctor"
drin-doctor,category,"Mobile Application","แอปพลิเคชันมือถือ"
drin-doctor,title,"DR.in for Doctor","DR.in for Doctor"
drin-doctor,summary,"A digital health platform putting teleconsultation and e-prescription in reach online, at minimal cost.","แพลตฟอร์มสุขภาพดิจิทัลที่ให้บริการปรึกษาแพทย์และสั่งยาออนไลน์ เข้าถึงได้ครบและค่าใช้จ่ายต่ำ"
drin-doctor,coverAlt,"DR.in for Doctor app screens shown on three phones","หน้าจอแอป DR.in for Doctor บนโทรศัพท์สามเครื่อง"
drin-doctor,role,"UI Designer (Internship)","UI Designer (ฝึกงาน)"
drin-doctor,timeline,"2021–2022 — 5 months","2564–2565 — 5 เดือน"
drin-doctor,platform,"Mobile — iOS and Android","มือถือ — iOS และ Android"
drin-doctor,tools,"Figma, Figma Prototype, Design System","Figma, Figma Prototype, Design System"
drin-doctor,problem1,"Medical data is dense by nature, and a prescription is not a form you can afford to get wrong.","ข้อมูลทางการแพทย์ซับซ้อนโดยธรรมชาติ และใบสั่งยาไม่ใช่ฟอร์มที่กรอกผิดได้"
drin-doctor,problem2,"",""
drin-doctor,process1,"The brief and wireframes came from the senior UX team, and the first job was understanding the user flow and the business logic behind them before drawing anything. The hardest part was the domain itself: I had to learn how prescribing actually works before the screens could be right rather than merely tidy.","Brief และ Wireframe มาจากทีม Senior UX งานแรกคือทำความเข้าใจ User Flow และ Business Logic เบื้องหลังก่อนจะเริ่มออกแบบ ส่วนที่ยากที่สุดคือตัวโดเมนเอง ผมต้องเรียนรู้ว่าการสั่งยาจริงทำงานอย่างไร ก่อนที่หน้าจอจะถูกต้อง ไม่ใช่แค่ดูเรียบร้อย"
drin-doctor,quote,"In a medical interface, accuracy and safety come before aesthetics — a screen that looks calm but reads wrong is the worse outcome.","ในงานออกแบบทางการแพทย์ ความถูกต้องและความปลอดภัยมาก่อนความสวยงาม หน้าจอที่ดูสงบแต่อ่านแล้วเข้าใจผิด คือผลลัพธ์ที่แย่กว่า"
drin-doctor,solution1,"The visual direction had to read as trustworthy without turning clinical. Complex data was grouped so a prescription could be checked at a glance rather than parsed, and every foundational screen — Login and Settings included — was held to the same rules as the core flow.","Visual Direction ต้องให้ความรู้สึกน่าเชื่อถือโดยไม่แข็งจนเกินไป ข้อมูลที่ซับซ้อนถูกจัดกลุ่มให้ตรวจใบสั่งยาได้ในสายตาเดียว ไม่ต้องไล่อ่าน และหน้าจอพื้นฐานทุกหน้า รวมถึง Login และ Settings ยึดกฎเดียวกับ Core Flow"
drin-doctor,caption1,"Login — welcome and sign-in, carrying the deep purple branding","Login — หน้าต้อนรับและเข้าสู่ระบบ ใช้โทนม่วงเข้มของแบรนด์"
drin-doctor,caption2,"Dashboard — the day's booking list, each with its status colour","Dashboard — รายการนัดหมายของวัน พร้อมสีบอกสถานะ"
drin-doctor,caption3,"Calendar — the month at a glance, with each day's patients beneath","ปฏิทิน — ดูทั้งเดือนในครั้งเดียว พร้อมรายชื่อผู้ป่วยของแต่ละวัน"
drin-doctor,results1,"Every screen shipped within the sprint timeline, built entirely from the shared component library — and reviewing an interactive prototype before development began kept requirements from drifting once the build was underway.","ส่งมอบครบทุกหน้าจอตามกรอบเวลา Sprint และสร้างจาก Component Library ชุดเดียวกันทั้งหมด ส่วนการรีวิว Interactive Prototype ก่อนเริ่มพัฒนา ช่วยไม่ให้ Requirement เคลื่อนระหว่างทาง"
drin-doctor,stat1,"20+","20+"
drin-doctor,stat1Label,"Screens designed","หน้าจอที่ออกแบบ"
drin-doctor,stat2,"5","5"
drin-doctor,stat2Label,"Core flows delivered","Core Flow ที่ส่งมอบ"
drin-doctor,stat3,"50+","50+"
drin-doctor,stat3Label,"Components in the library","Component ใน Library"
drin-doctor,nextTitle,"Custom IoT monitoring dashboards","แดชบอร์ดตรวจสอบ IoT แบบสั่งทำ"
wordpress-website,category,"Website","เว็บไซต์"
wordpress-website,title,"WordPress sites that stop looking like their template","เว็บ WordPress ที่ไม่เหลือกลิ่นเทมเพลต"
wordpress-website,summary,"Client sites built on bought themes, reworked until the theme stopped being the thing people noticed.","เว็บลูกค้าที่สร้างบนธีมสำเร็จรูป แต่ปรับจนธีมไม่ใช่สิ่งแรกที่คนเห็นอีกต่อไป"
wordpress-website,coverAlt,"WordPress client website shown across desktop and mobile breakpoints","เว็บไซต์ลูกค้าบน WordPress แสดงทั้งบนเดสก์ท็อปและมือถือ"
wordpress-website,role,"UI Designer","UI Designer"
wordpress-website,timeline,"2022 — 5 months","2565 — 5 เดือน"
wordpress-website,platform,"WordPress, responsive","WordPress, Responsive"
wordpress-website,tools,"Figma, ThemeForest themes","Figma, ธีมจาก ThemeForest"
wordpress-website,problem1,"Each project started from a purchased ThemeForest theme chosen for budget, not for brand. Left alone, every client would have ended up with a site that looked like every other buyer of that theme.","ทุกโปรเจกต์เริ่มจากธีม ThemeForest ที่ซื้อมาโดยเลือกตามงบ ไม่ได้เลือกตามแบรนด์ ถ้าปล่อยไว้แบบนั้น ลูกค้าทุกรายจะได้เว็บที่หน้าตาเหมือนกับทุกคนที่ซื้อธีมเดียวกัน"
wordpress-website,problem2,"Turnaround was short and the budget did not cover a custom build, so the work had to happen inside the theme's constraints rather than around them.","เวลาส่งงานสั้นและงบไม่ครอบคลุมการทำเว็บใหม่ทั้งหมด งานจึงต้องเกิดขึ้นภายใต้ข้อจำกัดของธีม ไม่ใช่การเลี่ยงมันออกไป"
wordpress-website,process1,"I built a small design pass that could be applied to any theme quickly: replace the type scale, rebuild the spacing rhythm, swap the component set for the client's brand, and leave the theme's structure alone. Doing the same four moves every time turned a bespoke-feeling job into something repeatable.","ผมสร้างชุดการปรับดีไซน์เล็ก ๆ ที่เอาไปใช้กับธีมไหนก็ได้อย่างรวดเร็ว — เปลี่ยนสเกลตัวอักษร จัดจังหวะระยะห่างใหม่ เปลี่ยนชุดคอมโพเนนต์ให้เป็นของแบรนด์ลูกค้า แล้วปล่อยโครงสร้างของธีมไว้เหมือนเดิม การทำสี่อย่างนี้ซ้ำทุกครั้ง เปลี่ยนงานที่เหมือนต้องทำใหม่ทุกรอบ ให้กลายเป็นงานที่ทำซ้ำได้"
wordpress-website,quote,"Change the type, the spacing and the components. Leave the structure. That was enough to make a bought theme disappear.","เปลี่ยนตัวอักษร ระยะห่าง และคอมโพเนนต์ ปล่อยโครงสร้างไว้ แค่นี้ก็พอทำให้ธีมสำเร็จรูปหายไปแล้ว"
wordpress-website,solution1,"Across three-plus client sites the same approach held. Because the reusable pieces were built once in Figma and carried forward, later projects started from a library instead of a blank file — which is where the time saving actually came from.","ใช้แนวทางเดียวกันนี้กับเว็บลูกค้ากว่าสามราย และได้ผลทุกครั้ง เพราะชิ้นส่วนที่ใช้ซ้ำได้ถูกสร้างไว้ครั้งเดียวใน Figma แล้วยกไปใช้ต่อ โปรเจกต์หลัง ๆ จึงเริ่มจากไลบรารีแทนที่จะเริ่มจากไฟล์เปล่า ซึ่งนั่นคือจุดที่เวลาถูกประหยัดจริง"
wordpress-website,caption1,"Type scale and spacing rebuilt on top of the theme's structure","สร้างสเกลตัวอักษรและระยะห่างใหม่บนโครงสร้างเดิมของธีม"
wordpress-website,caption2,"Component library carried forward between client projects","ไลบรารีคอมโพเนนต์ที่ยกไปใช้ต่อระหว่างโปรเจกต์ลูกค้า"
wordpress-website,caption3,"Responsive behaviour checked at each theme breakpoint","ตรวจพฤติกรรม Responsive ที่ทุก Breakpoint ของธีม"
wordpress-website,results1,"The gain compounded across projects rather than showing up in any single one — each new site reused more of the last.","ผลที่ได้สะสมข้ามโปรเจกต์ มากกว่าจะเห็นชัดในโปรเจกต์ใดโปรเจกต์หนึ่ง — เว็บใหม่แต่ละอันใช้ของจากอันก่อนหน้าได้มากขึ้นเรื่อย ๆ"
wordpress-website,stat1,"3+","3+"
wordpress-website,stat1Label,"Client sites delivered","เว็บไซต์ลูกค้าที่ส่งมอบ"
wordpress-website,stat2,"1 library","1 ไลบรารี"
wordpress-website,stat2Label,"Reused across projects","ใช้ซ้ำข้ามโปรเจกต์"
wordpress-website,stat3,"4 moves","4 ขั้น"
wordpress-website,stat3Label,"Repeatable per-theme design pass","ชุดปรับดีไซน์ที่ทำซ้ำได้"
wordpress-website,nextTitle,"Groundwater monitoring for a government agency","ระบบติดตามน้ำบาดาลสำหรับหน่วยงานรัฐ"
government-project,pageTitle,"Department of Groundwater Resources","Department of Groundwater Resources"
platform,pageTitle,"Construction Management Platform","Construction Management Platform"
ev-charger,pageTitle,"EV Charger","EV Charger"
drin-doctor,pageTitle,"DR.in for Doctor","DR.in for Doctor"
wordpress-website,pageTitle,"WordPress Website","WordPress Website"
platform,fwOldLabel,"Ant Design — before","Ant Design — เดิม"
platform,fwOld1,"Theme colour only adjustable within fixed limits","ปรับ Theme Color ได้จำกัด"
platform,fwOld2,"UI components hard to modify","แก้ไข UI Component ได้ยาก"
platform,fwOld3,"Rigid token model","ระบบ Token ไม่ยืดหยุ่น"
platform,fwOld4,"No support for dynamic theming","ไม่รองรับ Dynamic Theme"
platform,fwOld5,"Slow, error-prone handover to developers","สื่อสารกับ Developer ได้ยาก"
platform,fwNewLabel,"Shadcn UI + Tailwind CSS — after","Shadcn UI + Tailwind CSS — ใหม่"
platform,fwNew1,"Theme colour system we control end to end","ระบบ Theme Color ที่ยืดหยุ่นสูง"
platform,fwNew2,"Modular UI components","UI Component แบบ Modular"
platform,fwNew3,"Design tokens defined by us","Design Token ที่ควบคุมเองได้"
platform,fwNew4,"Dynamic theming at runtime","รองรับ Dynamic Theme"
platform,fwNew5,"Handover developers can read directly","สื่อสารกับ Dev ได้ชัดเจน"
platform,fwTradeShort,"A slower first release — every component had to be rebuilt rather than configured.","ออกช้าลงในรอบแรก เพราะต้องรื้อสร้าง Component ใหม่ทั้งหมด ไม่ใช่แค่ตั้งค่า"
platform,fwTradeLong,"Tokens we own, a handover that lands first time, and theming that can keep being extended instead of worked around.","ได้ Token ที่เป็นของเราเอง ส่งงานจบในรอบเดียว และ Theme ที่ต่อยอดต่อได้เรื่อย ๆ แทนที่จะต้องหาทางเลี่ยง"
platform,ut1Role,"Executives","ผู้บริหาร"
platform,ut1Need,"Read the project-wide picture well, and were served by it.","เข้าใจข้อมูลภาพรวมได้ดี"
platform,ut1Ok,"yes","yes"
platform,ut2Role,"Engineers","วิศวกร"
platform,ut2Need,"Needed the data that belonged to their own site work.","ต้องการข้อมูลเฉพาะหน้างาน"
platform,ut2Ok,"no","no"
platform,ut3Role,"Architects","สถาปนิก"
platform,ut3Need,"Could not filter down to the information that related to their own drawings.","กรองข้อมูลที่เกี่ยวข้องกับงานตัวเองไม่ได้"
platform,ut3Ok,"no","no"
platform,testimonialQuote,"The custom dashboard is what closed our largest enterprise accounts. It answered what those clients kept asking for - data for my role, arranged my way - and sales and consulting could see plainly that this was the strong selling point.","ฟีเจอร์ Custom Dashboard ช่วยให้ปิดการขายกับลูกค้า Enterprise รายใหญ่ได้สำเร็จ เพราะตอบโจทย์ความต้องการข้อมูลตามบทบาทและการปรับแต่งส่วนตัวได้จริง ทีม Sales และ Consultant เห็นได้ชัดว่าคือจุดขายที่แข็งแรง"
platform,testimonialName,"Sales & Consultant team","ทีม Sales & Consultant"
platform,testimonialRole,"Sitearound CM — Enterprise Division","Sitearound CM — Enterprise Division"
platform,reflect1Title,"Design system architecture","พัฒนา Architecture ของ Design System"
platform,reflect1Text,"A flexible structure that is easy to adjust, and cuts the cost of changing the system later.","โครงสร้างยืดหยุ่นปรับแต่งง่าย ลดภาระในการแก้ไขระบบ"
platform,reflect2Title,"Modular components","ออกแบบ Component แบบ Modular"
platform,reflect2Text,"Components that compose and adjust on their own, without disturbing the structure around them.","UI Components ประกอบและปรับแต่งได้ ลดผลกระทบต่อโครงสร้างรวม"
platform,reflect3Title,"Variables and theming","บริหาร Variables & Theme อย่างมืออาชีพ"
platform,reflect3Text,"Managing variables, theme colour and component variants once the system is genuinely large.","เทคนิคขั้นสูงในการจัดการ Variables, Theme Color และ Component Variants ในระดับใหญ่"
platform,reflect4Title,"Less time spent in handover","ลดเวลาทำงานร่วมกัน"
platform,reflect4Text,"A design system that says the same thing to UI design, the product owner and the developers.","Design System ที่สื่อสารตรงกันทั้ง UI Design, Product Owner และ Developer"
platform,team,"PO · Consultant, Frontend & Backend Dev","PO · Consultant, Frontend & Backend Dev"
platform,client,"Ananda · Gulf Energy · CHPP","Ananda · Gulf Energy · CHPP"
platform,contextText,"Sitearound CM is a cloud SaaS platform for running construction projects, connecting project owners, engineers, architects and contractors in one system. It covers document control (RFI and submittals), scheduling, quality inspection and work orders, and a project-wide dashboard. I worked alongside the PO, consultants and the dev team, gathering requirements from enterprise clients to extend the business model.","Sitearound CM คือแพลตฟอร์มบริหารจัดการงานก่อสร้างแบบ SaaS บนคลาวด์ เชื่อมโยงเจ้าของโครงการ วิศวกร สถาปนิก และผู้รับเหมาไว้ในระบบเดียว ครอบคลุมการจัดการเอกสาร (RFI/Submittal) การบริหารเวลา (Schedule) การตรวจสอบคุณภาพ (Inspection & Work Order) และ Dashboard ภาพรวมโครงการ ทำงานร่วมกับ PO, Consultant และ Dev Team พร้อมเก็บ Requirements จากลูกค้า Enterprise เพื่อขยาย Business Model อย่างลึกซึ้ง"
platform,sol1Title,"Custom Dashboard","Custom Dashboard"
platform,sol1Text,"People build their own view - adding, removing and arranging widgets around the work their role actually does.","ให้ผู้ใช้สร้างมุมมองข้อมูลของตัวเองได้ เพิ่ม ลบ และจัดเรียง Widget ตามบทบาทหน้างาน"
platform,sol2Title,"Preset Sharing","Preset Sharing"
platform,sol2Text,"Share a dashboard template with the team, so the data and settings match how the work is really run.","แชร์ Dashboard Template ให้ทีมได้ เพื่อให้ข้อมูลและการตั้งค่าสอดคล้องกับงานจริง"
platform,sol3Title,"Design System Rebuild","Design System Rebuild"
platform,sol3Text,"Rebuilt on Shadcn UI and Tailwind CSS for flexibility, modular components and design tokens that hold.","รื้อสร้าง Design System ใหม่ด้วย Shadcn UI + Tailwind CSS เพื่อความยืดหยุ่น, Modular Components และ Design Tokens ที่แม่นยำ"
platform,sol4Title,"Dynamic Theming","Dynamic Theming"
platform,sol4Text,"Runtime theming, per-user customisation, brand colour and dark or light, all through CSS variables.","รองรับ Runtime Theming, Per-User Customization, Brand Color และ Dark/Light Theme ด้วยระบบ CSS Variables"
platform,ps1Title,"Assess","ประเมิน"
platform,ps1Text,"Assess the problem and the existing design","ประเมินปัญหาและ Design เดิม"
platform,ps2Title,"Decide","ตัดสินใจ"
platform,ps2Text,"Choose Shadcn + Tailwind","เลือก Shadcn + Tailwind"
platform,ps3Title,"Rebuild","รื้อสร้าง"
platform,ps3Text,"Build the new design system","สร้าง Design System ใหม่"
platform,ps4Title,"Tokenize","Tokenize"
platform,ps4Text,"Establish the design token system","สร้างระบบ Design Tokens"
platform,ps5Title,"Ship","ส่งมอบ"
platform,ps5Text,"Custom Dashboard delivered","Custom Dashboard สำเร็จ"
platform,bi1Name,"Ananda Development","Ananda Development"
platform,bi1Type,"Mobile application","Mobile Application"
platform,bi2Name,"Gulf Energy","Gulf Energy"
platform,bi2Type,"UX/UI","UX/UI"
platform,bi3Name,"CHPP","CHPP"
platform,bi3Type,"Dashboard","Dashboard"
platform,stat4,"3","3"
platform,stat4Label,"Enterprise accounts closed","ดีล Enterprise ที่ปิดได้"
government-project,client,"Department of Groundwater Resources, Ministry of Natural Resources and Environment","กรมทรัพยากรน้ำบาดาล กระทรวงทรัพยากรธรรมชาติและสิ่งแวดล้อม"
government-project,contextText,"The people using this every day are mid-career officials who have run the old system for years — so the brief was never only to modernise it. A legacy revamp carrying a great deal of data and pulling from several databases at once, for users whose existing habits were the real constraint.","ผู้ใช้งานจริงคือเจ้าหน้าที่วัยกลางคนที่ใช้ระบบเดิมมานาน โจทย์จึงไม่ใช่แค่ทำให้ทันสมัยขึ้น เป็นการปรับปรุงระบบเดิมที่มีข้อมูลปริมาณมากและต้องเชื่อมหลายฐานข้อมูลเข้าด้วยกัน โดยมีความเคยชินของผู้ใช้เป็นข้อจำกัดที่แท้จริง"
government-project,prob1Title,"A crowded, complicated interface","UI ที่ซับซ้อนและแออัด"
government-project,prob1Text,"Fields and records were packed onto single screens, so finding anything meant reading everything. Each page cost real time just to work out.","ข้อมูลและฟีลด์จำนวนมากถูกยัดเยียดในหน้าเดียว ทำให้การค้นหาและการอ่านข้อมูลเป็นเรื่องยาก ผู้ใช้ต้องใช้เวลามากในการทำความเข้าใจแต่ละหน้าจอ"
government-project,prob2Title,"A workflow that repeated itself","Workflow ที่ไม่มีประสิทธิภาพ"
government-project,prob2Text,"The same details had to be typed again on form after form. Nothing was carried across automatically, which cost time and invited mistakes.","ผู้ใช้ต้องกรอกข้อมูลซ้ำ ๆ หลายครั้งในแต่ละฟอร์ม ระบบเดิมไม่รองรับการดึงข้อมูลอัตโนมัติ ทำให้เสียเวลาและเกิดข้อผิดพลาดสูง"
government-project,prob3Title,"Familiarity with the old system","ภาพลักษณ์ของระบบเก่า"
government-project,prob3Text,"People who knew the old screens by heart had every reason to resist new ones. Onboarding was the hard part, and habit was what it was up against.","ผู้ใช้ที่คุ้นชินกับระบบเดิมมีความต้านทานต่อการเปลี่ยนแปลง การ onboarding ระบบใหม่มีความท้าทายสูงจากนิสัยการใช้งานเดิม"
government-project,sol1Title,"Visual Hierarchy","Visual Hierarchy"
government-project,sol1Text,"Restructured dense fields into a clear hierarchy, so readability and navigation carry the page rather than the user's memory.","Restructure ฟีลด์ข้อมูลที่ซับซ้อนให้เป็น Visual Hierarchy ที่ชัดเจน เน้น readability และ navigation ที่ seamless"
government-project,sol2Title,"Accessible UI Design","Accessible UI Design"
government-project,sol2Text,"A clean, current interface built for mid-career users, cutting cognitive load with visual cues that do not need explaining.","ออกแบบ UI ที่สะอาด ทันสมัย รองรับผู้ใช้วัยกลางคน ลด Cognitive Load ด้วย Visual Cues ที่ชัดเจน"
government-project,sol3Title,"Interactive Prototype","Interactive Prototype"
government-project,sol3Text,"Aligned the client and PM on a working prototype, closing requirement gaps before development started rather than after.","สร้าง Interactive Prototype เพื่อ align กับ Client และ PM ลด Requirement Discrepancy ก่อน Development"
government-project,sol4Title,"Design System Governance","Design System Governance"
government-project,sol4Text,"Built and maintained the design system from the start, and directed the design team's work against it.","สร้างและดูแล Design System ตั้งแต่เริ่มต้น บริหารและมอบหมายงานทีม Design อย่างมีประสิทธิภาพ"
government-project,stat4,"+80%","+80%"
government-project,stat4Label,"Dev requirement accuracy","ความแม่นยำของ Requirement"
government-project,testimonialQuote,"The new system changed how we work entirely. Officials no longer re-enter the same information, and the screens are far cleaner and easier to follow. The design team genuinely understood our users' constraints, and it shows in the result.","ระบบใหม่เปลี่ยนวิธีทำงานของเราไปโดยสิ้นเชิง เจ้าหน้าที่ไม่ต้องกรอกข้อมูลซ้ำซ้อนอีกต่อไป หน้าจอสะอาดและเข้าใจง่ายกว่าเดิมมาก ทีม Design เข้าใจข้อจำกัดของผู้ใช้จริง ๆ และสะท้อนออกมาในผลงานได้อย่างชัดเจน"
government-project,testimonialName,"Director, Information Systems","ผู้อำนวยการฝ่ายสารสนเทศ"
government-project,testimonialRole,"Department of Groundwater Resources","กรมทรัพยากรน้ำบาดาล · กระทรวงทรัพยากรธรรมชาติและสิ่งแวดล้อม"
platform,prob1Title,"A dashboard built for one audience","Dashboard ไม่ตอบโจทย์ผู้ใช้งานหน้างาน"
platform,prob1Text,"Fixed, and aimed at executives who already read data fluently. Engineers and architects could not filter it down to what their own work needed.","Dashboard เดิมออกแบบตายตัวสำหรับผู้บริหารที่เข้าใจ Data อยู่แล้ว แต่วิศวกรและสถาปนิกไม่สามารถกรองข้อมูลให้เหมาะกับหน้างานได้"
platform,prob2Title,"No room to customise","ขาด Flexibility ในการ Customization"
platform,prob2Text,"Widgets could not be added, removed or reordered, so every role opened the same fixed view regardless of what they did with it.","ผู้ใช้ไม่สามารถเพิ่ม ลบ หรือจัดเรียง Widget ข้อมูลได้เอง ทำให้ทุกคนเห็นข้อมูลชุดเดิมโดยไม่ตรงกับหน้าที่"
platform,prob3Title,"A design system that would not bend","Design System เดิม (Ant Design) ไม่รองรับ"
platform,prob3Text,"Ant Design allowed limited theming, its components were hard to modify, its tokens were inflexible, and it made every handover harder than it needed to be.","Framework ที่ปรับแต่ง Theme ได้จำกัด แก้ไข Component ยาก ระบบ Token ไม่ยืดหยุ่น และสื่อสารกับ Developer ได้ยาก"
drin-doctor,team,"Senior UX/UI Designers · Product Manager · Developers","Senior UX/UI Designers · Product Manager · Developers"
drin-doctor,contextText,"A teleconsultation and e-prescription app for healthcare professionals. Working alongside senior UX/UI designers, I turned requirements into working screens — from the e-prescription core flow through to the foundational ones, Login and Settings included. Its users are doctors, medical staff and patients.","แอปปรึกษาแพทย์และสั่งยาออนไลน์สำหรับบุคลากรทางการแพทย์ ผมทำงานร่วมกับ Senior UX/UI Designer แปลง Requirement ให้เป็นหน้าจอที่ใช้งานได้จริง ตั้งแต่ Core Flow ของการสั่งยา ไปจนถึงหน้าจอพื้นฐานอย่าง Login และ Settings กลุ่มผู้ใช้คือแพทย์ บุคลากรทางการแพทย์ และผู้ป่วย"
drin-doctor,prob1Title,"The Problem","โจทย์"
drin-doctor,prob1Text,"Medical data and e-prescription workflows are inherently dense and complex. The challenge was displaying that information architecture without overwhelming the people using it — healthcare professionals and patients alike.","ข้อมูลทางการแพทย์และขั้นตอนการสั่งยาออนไลน์ซับซ้อนในตัวเอง ความท้าทายคือจะแสดงโครงสร้างข้อมูลจำนวนมากนี้อย่างไรโดยไม่ทำให้ผู้ใช้ทั้งบุคลากรทางการแพทย์และผู้ป่วยรู้สึกล้น"
drin-doctor,prob2Title,"",""
drin-doctor,prob2Text,"",""
drin-doctor,prob3Title,"",""
drin-doctor,prob3Text,"",""
drin-doctor,goalTitle,"The Goal","เป้าหมาย"
drin-doctor,goalText,"Translate the UX team's requirements into a clean, modern and genuinely intuitive interface — cutting cognitive load so the experience stays frictionless and easy to read.","แปลง Requirement จากทีม UX ให้เป็นอินเทอร์เฟซที่สะอาด ทันสมัย และเข้าใจง่ายจริง ลด Cognitive Load ให้การใช้งานลื่นไหลและอ่านสบาย"
drin-doctor,ps1Title,"Requirement Review","รับ Requirement"
drin-doctor,ps1Text,"Take the brief and wireframes from senior UX; understand the flow and the business logic","รับ Brief และ Wireframe จากทีม Senior UX เข้าใจ User Flow และ Business Logic"
drin-doctor,ps2Title,"UI Research","ค้นคว้า UI"
drin-doctor,ps2Text,"Gather references from established medical apps and set the visual direction","รวบรวม UI Reference จากแอปทางการแพทย์ชั้นนำ กำหนด Visual Direction"
drin-doctor,ps3Title,"UI Design","ออกแบบ UI"
drin-doctor,ps3Text,"Draw the high-fidelity screens against the agreed component system","ออกแบบ High-fidelity Screen ตาม Component System ที่กำหนด"
drin-doctor,ps4Title,"Prototype & Review","Prototype และรีวิว"
drin-doctor,ps4Text,"Build an interactive prototype to review with the PM and stakeholders","สร้าง Interactive Prototype เพื่อรีวิวกับ PM และ Stakeholder"
drin-doctor,ps5Title,"Dev Handoff","ส่งมอบให้ Dev"
drin-doctor,ps5Text,"Hand over specs, assets and component documentation","ส่งมอบ Design Spec, Asset และเอกสาร Component"
drin-doctor,dec1Title,"Purple-blue as the primary","ใช้ม่วง-น้ำเงินเป็นสีหลัก"
drin-doctor,dec1Why,"Reads as medically trustworthy without going cold or severe, which keeps it approachable for patients as well as staff.","สื่อถึงความน่าเชื่อถือทางการแพทย์ แต่ไม่แข็งหรือเย็นชาเกินไป ยังเข้าถึงง่ายทั้งกับผู้ป่วยและเจ้าหน้าที่"
drin-doctor,dec2Title,"Large, plainly legible type","ตัวอักษรขนาดใหญ่ อ่านง่าย"
drin-doctor,dec2Why,"Doctors read this mid-consultation, often in poor light. It has to be legible at a glance, not on inspection.","แพทย์อ่านระหว่างตรวจคนไข้ และมักอยู่ในสภาพแสงไม่ดี จึงต้องอ่านออกในพริบตา ไม่ใช่ต้องเพ่ง"
drin-doctor,dec3Title,"Card-based layout","เลย์เอาต์แบบการ์ด"
drin-doctor,dec3Why,"Splits patient information into visible categories, so the eye can skip to the section it needs instead of scanning a wall.","แบ่งข้อมูลผู้ป่วยเป็นหมวดที่มองเห็นได้ สายตาจึงข้ามไปยังส่วนที่ต้องการได้เลย แทนที่จะกวาดทั้งหน้า"
drin-doctor,dec4Title,"Colour-coded status tags","แท็กสถานะแยกด้วยสี"
drin-doctor,dec4Why,"Green, amber and red separate appointment states at a glance, which matters when time per patient is short.","เขียว เหลือง แดง แยกสถานะนัดหมายให้เห็นในครั้งเดียว ซึ่งสำคัญเมื่อเวลาต่อคนไข้มีจำกัด"
drin-doctor,stat4,"100%","100%"
drin-doctor,stat4Label,"Screens on the shared system","หน้าจอที่ใช้ระบบร่วมกัน"
drin-doctor,reflect1Title,"Healthcare UX","เข้าใจ Healthcare UX"
drin-doctor,reflect1Text,"In a medical domain, accuracy and safety outrank aesthetics. A screen that looks good and reads ambiguously has failed.","ในโดเมนทางการแพทย์ ความถูกต้องและความปลอดภัยสำคัญกว่าความสวยงาม หน้าจอที่ดูดีแต่อ่านแล้วกำกวม คือหน้าจอที่ล้มเหลว"
drin-doctor,reflect2Title,"Visual decisions with a reason","Visual Design ที่มีเหตุผลรองรับ"
drin-doctor,reflect2Text,"Colour, type size and spacing are not taste here — each one changes how quickly a doctor can read the screen correctly.","สี ขนาดตัวอักษร และระยะห่าง ไม่ใช่เรื่องรสนิยมในงานนี้ แต่ละอย่างเปลี่ยนความเร็วที่แพทย์อ่านหน้าจอได้ถูกต้อง"
drin-doctor,reflect3Title,"Working inside a design team","ทำงานในทีม Design จริง"
drin-doctor,reflect3Text,"The real process end to end — taking a brief, receiving review, iterating quickly, and holding consistency to a guideline rather than to preference.","ได้เห็นกระบวนการจริงตั้งแต่ต้นจนจบ รับ Brief รับ Feedback ปรับแก้อย่างรวดเร็ว และรักษาความสม่ำเสมอตาม Guideline ไม่ใช่ตามความชอบ"
drin-doctor,reflect4Title,"Component discipline","วินัยเรื่อง Component"
drin-doctor,reflect4Text,"Using the library strictly, without one-off designs, is what makes a handover clean and lets development move.","การใช้ Component Library อย่างเคร่งครัด ไม่สร้างงานเฉพาะกิจ คือสิ่งที่ทำให้การส่งมอบสะอาดและทีม Dev เดินงานต่อได้"
drin-doctor,caption4,"Drug detail — name, dose, quantity, directions and indications","รายละเอียดยา — ชื่อยา ขนาด จำนวน วิธีใช้ และข้อบ่งใช้"
drin-doctor,caption5,"Patient information — the record form, grouped by category","ข้อมูลผู้ป่วย — ฟอร์มบันทึกข้อมูล จัดกลุ่มตามหมวด"
drin-doctor,caption6,"Settings — profile, licence and lab, kept to the same rules","ตั้งค่า — ข้อมูลส่วนตัว ใบอนุญาต และแลป ยึดกฎเดียวกัน"
drin-doctor,caption7,"E-prescription — the core flow, from selecting a drug to confirming the order","สั่งยาออนไลน์ — Core Flow ตั้งแต่เลือกยาจนยืนยันใบสั่ง"
ev-charger,client,"Self-initiated concept project","โปรเจกต์แนวคิดที่ริเริ่มเอง"
ev-charger,contextText,"A concept project, started in response to how quickly electric vehicles were being adopted here. The aim was to improve the experience of finding and reserving a charging station, covering the journey end to end: an interactive map, station and connector selection, and a live charging status dashboard. Its users are EV drivers.","โปรเจกต์แนวคิดที่เริ่มทำขึ้นเองจากการที่รถยนต์ไฟฟ้าถูกใช้งานเพิ่มขึ้นอย่างรวดเร็ว เป้าหมายคือทำให้ประสบการณ์การค้นหาและจองสถานีชาร์จดีขึ้น ครอบคลุมเส้นทางตั้งแต่ต้นจนจบ ทั้งแผนที่แบบโต้ตอบ การเลือกสถานีและหัวชาร์จ และหน้าแสดงสถานะการชาร์จแบบเรียลไทม์ กลุ่มผู้ใช้คือผู้ขับรถยนต์ไฟฟ้า"
ev-charger,prob1Title,"The Problem","โจทย์"
ev-charger,prob1Text,"EV charging apps are still immature. The ones that exist tend to be hard to use, carry stale data, and — worst of all — bury station and connector selection in convoluted flows. People give up partway through a booking.","แอปสำหรับชาร์จรถไฟฟ้ายังไม่สุกงอม แอปที่มีอยู่มักใช้งานยาก ข้อมูลไม่อัปเดต และที่แย่ที่สุดคือฝังการเลือกสถานีและหัวชาร์จไว้ในขั้นตอนที่ยุ่งยาก ผู้ใช้จึงเลิกกลางคันระหว่างจอง"
ev-charger,prob2Title,"",""
ev-charger,prob2Text,"",""
ev-charger,prob3Title,"",""
ev-charger,prob3Text,"",""
ev-charger,goalTitle,"The Goal","เป้าหมาย"
ev-charger,goalText,"Remove that friction with a full UI rework — something clean and immediately legible, where a driver can move through the app without thinking about it and finish a reservation quickly.","ลดแรงเสียดทานนั้นด้วยการรื้อ UI ใหม่ทั้งหมด ให้สะอาดและอ่านออกทันที ผู้ขับเคลื่อนผ่านแอปได้โดยไม่ต้องคิด และจองให้จบได้เร็ว"
ev-charger,ps1Title,"Research & Analysis","ค้นคว้าและวิเคราะห์"
ev-charger,ps1Text,"Work through the EV charging apps on the market and find where they fail","ไล่ดูแอปชาร์จรถไฟฟ้าที่มีในตลาด หาจุดที่ใช้งานไม่ได้จริง"
ev-charger,ps2Title,"User Persona","สร้าง Persona"
ev-charger,ps2Text,"Build a picture of the EV driver — needs, habits, frustrations","สร้างภาพผู้ใช้รถไฟฟ้า ทั้งความต้องการ พฤติกรรม และความหงุดหงิด"
ev-charger,ps3Title,"User Flow","วาง User Flow"
ev-charger,ps3Text,"Map opening the app through to finishing a charge, in as few steps as it takes","วางเส้นทางตั้งแต่เปิดแอปจนชาร์จเสร็จ ให้น้อยขั้นที่สุดเท่าที่จำเป็น"
ev-charger,ps4Title,"Wireframe","Wireframe"
ev-charger,ps4Text,"Low-fidelity layouts to test the information architecture before any styling","ร่างแบบหยาบเพื่อทดสอบโครงสร้างข้อมูล ก่อนลงรายละเอียดงานภาพ"
ev-charger,ps5Title,"UI Design","ออกแบบ UI"
ev-charger,ps5Text,"High-fidelity screens against the agreed visual direction","ออกแบบหน้าจอ High-fidelity ตาม Visual Direction ที่กำหนด"
ev-charger,ps6Title,"Prototype & Mockup","Prototype และ Mockup"
ev-charger,ps6Text,"An interactive prototype plus device mockups for presenting it","Interactive Prototype พร้อม Device Mockup สำหรับนำเสนอ"
ev-charger,sol1Title,"Interactive Map","แผนที่แบบโต้ตอบ"
ev-charger,sol1Text,"Find nearby stations on a live map rather than through a list you have to interpret.","ค้นหาสถานีใกล้เคียงบนแผนที่แบบเรียลไทม์ แทนที่จะเป็นรายการที่ต้องตีความเอง"
ev-charger,sol2Title,"Station & Connector Selection","เลือกสถานีและหัวชาร์จ"
ev-charger,sol2Text,"Pick the station and the connector type — Type 2, CCS — without leaving the map.","เลือกสถานีและประเภทหัวชาร์จ Type 2 หรือ CCS ได้โดยไม่ต้องออกจากแผนที่"
ev-charger,sol3Title,"Reservation","การจอง"
ev-charger,sol3Text,"Reserve a slot ahead, with the distance and travel time shown alongside it.","จองคิวล่วงหน้าได้ พร้อมแสดงระยะทางและเวลาเดินทางไว้ข้าง ๆ"
ev-charger,sol4Title,"Charging Dashboard","หน้าสถานะการชาร์จ"
ev-charger,sol4Text,"Live charging status, readable at a glance while you wait.","สถานะการชาร์จแบบเรียลไทม์ อ่านได้ในสายตาเดียวระหว่างรอ"
ev-charger,dec1Title,"Map first","ขึ้นแผนที่เป็นอย่างแรก"
ev-charger,dec1Why,"An EV driver wants the nearest station as fast as possible, so the map is the first thing after sign-in rather than something to navigate to.","ผู้ขับรถไฟฟ้าต้องการหาสถานีที่ใกล้ที่สุดให้เร็วที่สุด แผนที่จึงเป็นสิ่งแรกหลังเข้าสู่ระบบ ไม่ใช่สิ่งที่ต้องกดหา"
ev-charger,dec2Title,"Blue and white as the primary","ใช้ฟ้า-ขาวเป็นสีหลัก"
ev-charger,dec2Why,"Reads as clean energy and modernity without leaning on the obvious green.","สื่อถึงพลังงานสะอาดและความทันสมัย โดยไม่ต้องพึ่งสีเขียวที่ตรงตัวเกินไป"
ev-charger,dec3Title,"Bottom sheet for detail","ใช้ Bottom Sheet แสดงรายละเอียด"
ev-charger,dec3Why,"Station detail opens over the map instead of on a new screen, so the driver never loses the context they were looking at.","รายละเอียดสถานีเปิดทับบนแผนที่แทนที่จะเป็นหน้าใหม่ ผู้ขับจึงไม่หลุดจากบริบทที่กำลังดูอยู่"
ev-charger,dec4Title,"Connector type as a badge","แสดงหัวชาร์จเป็น Badge"
ev-charger,dec4Why,"Type and power in kW sit on the pin itself — the two facts that decide whether this station is any use to your car.","ประเภทหัวชาร์จและกำลังไฟเป็น kW อยู่บนหมุดเลย สองอย่างนี้คือสิ่งที่ตัดสินว่าสถานีนี้ใช้กับรถคุณได้หรือไม่"
ev-charger,dec5Title,"Availability as colour","บอกสถานะว่างด้วยสี"
ev-charger,dec5Why,"Free or occupied, settled before you tap — a decision that should not need a second screen to make.","ว่างหรือไม่ว่าง รู้ได้ก่อนกด เป็นการตัดสินใจที่ไม่ควรต้องเปิดอีกหน้าจอ"
ev-charger,stat4,"6","6"
ev-charger,stat4Label,"Device mockups","Device Mockup"
ev-charger,reflect1Title,"Map-based interaction","ออกแบบ Interaction บนแผนที่"
ev-charger,reflect1Text,"Pins, bottom sheets, clustering and search radius behave differently from ordinary screens, and have to be designed as their own thing.","หมุด Bottom Sheet การรวมกลุ่มหมุด และรัศมีการค้นหา ทำงานไม่เหมือนหน้าจอทั่วไป ต้องออกแบบเป็นเรื่องของตัวเอง"
ev-charger,reflect2Title,"Reading the market first","อ่านตลาดก่อนลงมือ"
ev-charger,reflect2Text,"Working through what already exists is how you find the gap worth designing into, rather than guessing at one.","การไล่ดูของที่มีอยู่แล้ว คือวิธีหาช่องว่างที่ควรออกแบบเข้าไปจริง ๆ แทนที่จะเดาเอา"
ev-charger,reflect3Title,"A concept has to sell itself","งานแนวคิดต้องขายตัวเองได้"
ev-charger,reflect3Text,"With no client and no users, the mockups and the presentation carry the whole argument — which is its own skill.","เมื่อไม่มีลูกค้าและไม่มีผู้ใช้จริง Mockup และการนำเสนอคือสิ่งที่แบกข้อโต้แย้งทั้งหมด ซึ่งเป็นทักษะของมันเอง"
ev-charger,reflect4Title,"Learning the domain","เรียนรู้โดเมน"
ev-charger,reflect4Text,"Connector standards, charging speeds and pricing models all shape the interface — you cannot design this one from the outside.","มาตรฐานหัวชาร์จ ความเร็วในการชาร์จ และรูปแบบราคา ล้วนกำหนดหน้าตาอินเทอร์เฟซ งานนี้ออกแบบจากภายนอกไม่ได้"
ev-charger,caption4,"Map — station pins carrying connector type and power","แผนที่ — หมุดสถานีที่บอกประเภทหัวชาร์จและกำลังไฟ"
ev-charger,caption5,"Booking — distance and travel time before you commit","การจอง — ระยะทางและเวลาเดินทาง ก่อนตัดสินใจ"
ev-charger,caption6,"Station list — nearby operators, each with type and kW","รายการสถานี — ผู้ให้บริการใกล้เคียง พร้อมประเภทและ kW"
platform,dataStatus,"real","real"
government-project,dataStatus,"real","real"
drin-doctor,dataStatus,"real","real"
ev-charger,dataStatus,"real","real"
wordpress-website,dataStatus,"mockup","mockup"
custom-dashboard,category,"Data Dashboard","แดชบอร์ดข้อมูล"
custom-dashboard,title,"Custom IoT dashboards for industrial operations","แดชบอร์ด IoT สั่งทำสำหรับงานอุตสาหกรรม"
custom-dashboard,summary,"Sensor data becomes useful the moment someone can tell normal from not-normal without training. That was the whole brief.","ข้อมูลเซนเซอร์จะมีประโยชน์ทันทีที่คนดูแยกออกว่าอะไรปกติอะไรไม่ปกติ โดยไม่ต้องผ่านการอบรม โจทย์ทั้งหมดคือเท่านี้"
custom-dashboard,coverAlt,"Custom IoT monitoring dashboard with sensor charts and status panels","แดชบอร์ดตรวจสอบ IoT แบบสั่งทำ พร้อมกราฟเซนเซอร์และแผงสถานะ"
custom-dashboard,role,"UX/UI Designer","UX/UI Designer"
custom-dashboard,timeline,"2023 — ongoing","2566 — ถึงปัจจุบัน"
custom-dashboard,platform,"Responsive web","เว็บ Responsive"
custom-dashboard,tools,"Figma, Apache ECharts, React","Figma, Apache ECharts, React"
custom-dashboard,problem1,"Industrial sensors produce a reading every few seconds, and the default way to show that is a line chart per sensor. Put forty of them on a screen and you have a wall of charts that operations teams stop reading by week two.","เซนเซอร์ในโรงงานส่งค่าทุกไม่กี่วินาที และวิธีแสดงผลแบบมาตรฐานคือกราฟเส้นหนึ่งอันต่อหนึ่งเซนเซอร์ พอเอาสี่สิบอันมาวางบนหน้าจอเดียว มันกลายเป็นกำแพงกราฟที่ทีมปฏิบัติการเลิกอ่านตั้งแต่สัปดาห์ที่สอง"
custom-dashboard,problem2,"Anomalies were being caught during end-of-shift review rather than as they happened, which meant the response always started late.","ความผิดปกติถูกจับได้ตอนรีวิวท้ายกะ ไม่ใช่ตอนที่มันเกิด แปลว่าการตอบสนองเริ่มช้ากว่าที่ควรเสมอ"
custom-dashboard,process1,"I stopped treating the dashboard as a data display and started treating it as a triage tool. Working with the operations team, we agreed on what normal looks like per sensor class first — only then did the visual design follow, because now a chart had something to deviate from.","ผมเลิกมองแดชบอร์ดว่าเป็นที่แสดงข้อมูล แล้วเปลี่ยนมามองว่ามันคือเครื่องมือคัดกรอง ผมทำงานร่วมกับทีมปฏิบัติการเพื่อตกลงกันก่อนว่า 'ปกติ' ของเซนเซอร์แต่ละประเภทหน้าตาเป็นยังไง แล้วงานออกแบบภาพค่อยตามมาทีหลัง เพราะตอนนั้นกราฟถึงจะมีอะไรให้เบี่ยงเบนออกไป"
custom-dashboard,quote,"It stopped being a data display and became a triage tool. Everything else followed from that.","มันเลิกเป็นที่แสดงข้อมูล แล้วกลายเป็นเครื่องมือคัดกรอง ทุกอย่างที่เหลือตามมาจากจุดนั้น"
custom-dashboard,solution1,"Each sensor renders against its own expected band rather than on a raw axis, so out-of-range reads as a shape, not a number to interpret. The layout ranks by exception rather than by sensor ID, which means a quiet shift shows an almost empty screen — deliberately.","เซนเซอร์แต่ละตัวถูกวาดเทียบกับช่วงค่าที่ควรเป็นของตัวเอง แทนที่จะวาดบนแกนดิบ ค่าที่หลุดช่วงจึงอ่านได้จากรูปทรง ไม่ใช่ตัวเลขที่ต้องมาตีความ ส่วนการจัดเรียงใช้ความผิดปกติเป็นตัวจัดลำดับแทนรหัสเซนเซอร์ กะที่เงียบจึงเห็นหน้าจอที่แทบว่างเปล่า ซึ่งตั้งใจให้เป็นแบบนั้น"
custom-dashboard,caption1,"Sensors plotted against their expected band, not a raw axis","เซนเซอร์วาดเทียบช่วงค่าที่ควรเป็น ไม่ใช่แกนดิบ"
custom-dashboard,caption2,"Layout ranks by exception, so a quiet shift looks quiet","จัดลำดับตามความผิดปกติ กะที่เงียบจึงดูเงียบ"
custom-dashboard,caption3,"Drill-down keeps the same visual grammar as the overview","หน้าเจาะลึกใช้ภาษาภาพชุดเดียวกับหน้าภาพรวม"
custom-dashboard,results1,"Measured during pilot testing with the operations team, comparing time-to-notice against their previous end-of-shift review process.","วัดผลระหว่างการทดสอบนำร่องกับทีมปฏิบัติการ โดยเทียบเวลาที่ใช้กว่าจะสังเกตเห็น กับกระบวนการรีวิวท้ายกะแบบเดิม"
custom-dashboard,stat1,"~40%","~40%"
custom-dashboard,stat1Label,"Faster anomaly identification","ตรวจพบความผิดปกติเร็วขึ้น"
custom-dashboard,stat2,"Shift →︎ live","ท้ายกะ →︎ เรียลไทม์"
custom-dashboard,stat2Label,"Detection moved off end-of-shift","ย้ายการตรวจจับออกจากท้ายกะ"
custom-dashboard,stat3,"40+","40+"
custom-dashboard,stat3Label,"Sensor streams per view","สตรีมเซนเซอร์ต่อหนึ่งหน้าจอ"
custom-dashboard,nextTitle,"WordPress sites for client brands","เว็บไซต์ WordPress ให้แบรนด์ลูกค้า"
custom-dashboard,pageTitle,"Custom Dashboard","Custom Dashboard"
custom-dashboard,dataStatus,"mockup","mockup"
